empid,firstName,lastName,dob,doj,grade
b12e9753-6d60-42e0-be20-b3a11197d998,Bethany,Marvin,01-01-1990,01-04-2024,M2
4fd46e15-6c81-49b5-9c03-3646d58cefe1,Mckenna,Lemke,01-01-1991,01-04-2024,M2
e3e4afe3-b975-4c17-a96a-cc4cf3e5ee13,Emilie,Olson,01-01-1991,01-04-2024,M2
9a72b839-f943-49a7-8c91-e241383f7bb2,Cierra,Kovacek,01-01-1991,01-04-2024,M2
a80f1e92-154c-440d-9113-9aa478a41dfe,Rusty,Cartwright,01-01-1991,01-04-2024,M2
ace0a559-9bd5-426b-b19c-5f5640fc4307,Mateo,Balistreri,01-01-1991,01-04-2024,M2
56937fb0-5b23-4f2e-9e41-85116c5fc388,Fay,Rowe,01-01-1991,01-04-2024,M2
ebd3b1e2-5cb6-4a94-8cab-c1bb2af3fd81,Sarai,Labadie,01-01-1991,01-04-2024,M2
79294e18-511c-4f19-98c4-ba7c37cd9196,Modesto,Hane,01-01-1991,01-04-2024,M2
24d0c75b-0c50-450e-b37f-0cd72f501085,Corrine,Koepp,01-01-1991,01-04-2024,M2